id;description;temp;vel;stretch;stress
1001;24ºC, 0.1s-1, 100%;297,15;0,1;1,000131246;244,8906095
1001;24ºC, 0.1s-1, 100%;297,15;0,1;1,032314545;11243,81021
1001;24ºC, 0.1s-1, 100%;297,15;0,1;1,065785175;20167,46196
1001;24ºC, 0.1s-1, 100%;297,15;0,1;1,099255805;27845,953
1001;24ºC, 0.1s-1, 100%;297,15;0,1;1,132726435;35109,39047
1001;24ºC, 0.1s-1, 100%;297,15;0,1;1,166197065;42372,82795
1001;24ºC, 0.1s-1, 100%;297,15;0,1;1,199667695;49221,21185
1001;24ºC, 0.1s-1, 100%;297,15;0,1;1,233138325;54616,90826
1001;24ºC, 0.1s-1, 100%;297,15;0,1;1,265321624;59182,49752
1001;24ºC, 0.1s-1, 100%;297,15;0,1;1,298792254;63125,50644
1001;24ºC, 0.1s-1, 100%;297,15;0,1;1,332262884;66860,98857
1001;24ºC, 0.1s-1, 100%;297,15;0,1;1,365733514;70388,94391
1001;24ºC, 0.1s-1, 100%;297,15;0,1;1,399204144;73709,37247
1001;24ºC, 0.1s-1, 100%;297,15;0,1;1,432674774;77029,80103
1001;24ºC, 0.1s-1, 100%;297,15;0,1;1,466145404;79935,17602
1001;24ºC, 0.1s-1, 100%;297,15;0,1;1,498328702;82633,02422
1001;24ºC, 0.1s-1, 100%;297,15;0,1;1,531799333;85123,34564
1001;24ºC, 0.1s-1, 100%;297,15;0,1;1,565269963;87406,14027
1001;24ºC, 0.1s-1, 100%;297,15;0,1;1,598740593;89896,46169
1001;24ºC, 0.1s-1, 100%;297,15;0,1;1,632211223;92179,25632
1001;24ºC, 0.1s-1, 100%;297,15;0,1;1,665681853;94254,52417
1001;24ºC, 0.1s-1, 100%;297,15;0,1;1,699152483;96329,79202
1001;24ºC, 0.1s-1, 100%;297,15;0,1;1,731335781;98197,53309
1001;24ºC, 0.1s-1, 100%;297,15;0,1;1,764806412;99857,74737
1001;24ºC, 0.1s-1, 100%;297,15;0,1;1,798277042;101102,9081
1001;24ºC, 0.1s-1, 100%;297,15;0,1;1,831747672;102348,0688
1001;24ºC, 0.1s-1, 100%;297,15;0,1;1,865218302;103593,2295
1001;24ºC, 0.1s-1, 100%;297,15;0,1;1,898688932;105045,917
1001;24ºC, 0.1s-1, 100%;297,15;0,1;1,93087223;106498,6045
1001;24ºC, 0.1s-1, 100%;297,15;0,1;1,96434286;107743,7652
1001;24ºC, 0.1s-1, 100%;297,15;0,1;1,99781349;108366,3455
1001;24ºC, 0.1s-1, 100%;297,15;0,1;1,988802167;102451,8322
1001;24ºC, 0.1s-1, 100%;297,15;0,1;1,955331537;97056,13577
1001;24ºC, 0.1s-1, 100%;297,15;0,1;1,921860907;92283,01972
1001;24ºC, 0.1s-1, 100%;297,15;0,1;1,888390277;87924,95723
1001;24ºC, 0.1s-1, 100%;297,15;0,1;1,856206978;83981,94832
1001;24ºC, 0.1s-1, 100%;297,15;0,1;1,822736348;80246,46619
1001;24ºC, 0.1s-1, 100%;297,15;0,1;1,789265718;76510,98406
1001;24ºC, 0.1s-1, 100%;297,15;0,1;1,755795088;72983,02872
1001;24ºC, 0.1s-1, 100%;297,15;0,1;1,722324458;69040,01981
1001;24ºC, 0.1s-1, 100%;297,15;0,1;1,690909091;64827,58621
1001;24ºC, 0.1s-1, 100%;297,15;0,1;1,65667053;60738,94841
1001;24ºC, 0.1s-1, 100%;297,15;0,1;1,623199899;56380,88593
1001;24ºC, 0.1s-1, 100%;297,15;0,1;1,589729269;52437,87701
1001;24ºC, 0.1s-1, 100%;297,15;0,1;1,556258639;48702,39489
1001;24ºC, 0.1s-1, 100%;297,15;0,1;1,522788009;45174,43954
1001;24ºC, 0.1s-1, 100%;297,15;0,1;1,489317379;41646,4842
1001;24ºC, 0.1s-1, 100%;297,15;0,1;1,455846749;37911,00207
1001;24ºC, 0.1s-1, 100%;297,15;0,1;1,42459893;33620,68966
1001;24ºC, 0.1s-1, 100%;297,15;0,1;1,390192821;29194,8771
1001;24ºC, 0.1s-1, 100%;297,15;0,1;1,35672219;24421,76105
1001;24ºC, 0.1s-1, 100%;297,15;0,1;1,32325156;19856,17178
1001;24ºC, 0.1s-1, 100%;297,15;0,1;1,28978093;15083,05573
1001;24ºC, 0.1s-1, 100%;297,15;0,1;1,2563103;10724,99325
1001;24ºC, 0.1s-1, 100%;297,15;0,1;1,22283967;6366,930764
1001;24ºC, 0.1s-1, 100%;297,15;0,1;1,19144385;2413,793103
1002;24ºC, 0.05s-1, 100%;297,15;0,05;1,000131246;244,8906095
1002;24ºC, 0.05s-1, 100%;297,15;0,05;1,032314545;6885,747727
1002;24ºC, 0.05s-1, 100%;297,15;0,05;1,065785175;14149,1852
1002;24ºC, 0.05s-1, 100%;297,15;0,05;1,099255805;21620,14946
1002;24ºC, 0.05s-1, 100%;297,15;0,05;1,132726435;28676,06014
1002;24ºC, 0.05s-1, 100%;297,15;0,05;1,166197065;35939,49761
1002;24ºC, 0.05s-1, 100%;297,15;0,05;1,199667695;42580,35473
1002;24ºC, 0.05s-1, 100%;297,15;0,05;1,231850993;47768,52435
1002;24ºC, 0.05s-1, 100%;297,15;0,05;1,265321624;52334,11362
1002;24ºC, 0.05s-1, 100%;297,15;0,05;1,298792254;56692,17611
1002;24ºC, 0.05s-1, 100%;297,15;0,05;1,332262884;60220,13145
1002;24ºC, 0.05s-1, 100%;297,15;0,05;1,365733514;63333,03322
1002;24ºC, 0.05s-1, 100%;297,15;0,05;1,399204144;66445,935
1002;24ºC, 0.05s-1, 100%;297,15;0,05;1,432674774;69143,7832
1002;24ºC, 0.05s-1, 100%;297,15;0,05;1,464858072;71634,10462
1002;24ºC, 0.05s-1, 100%;297,15;0,05;1,498328702;74124,42604
1002;24ºC, 0.05s-1, 100%;297,15;0,05;1,531799333;76199,69389
1002;24ºC, 0.05s-1, 100%;297,15;0,05;1,565269963;77859,90817
1002;24ºC, 0.05s-1, 100%;297,15;0,05;1,598740593;79935,17602
1002;24ºC, 0.05s-1, 100%;297,15;0,05;1,632211223;82010,44386
1002;24ºC, 0.05s-1, 100%;297,15;0,05;1,665681853;83878,18493
1002;24ºC, 0.05s-1, 100%;297,15;0,05;1,697865151;85123,34564
1002;24ºC, 0.05s-1, 100%;297,15;0,05;1,731335781;86576,03313
1002;24ºC, 0.05s-1, 100%;297,15;0,05;1,764806412;88236,24741
1002;24ºC, 0.05s-1, 100%;297,15;0,05;1,798277042;89896,46169
1002;24ºC, 0.05s-1, 100%;297,15;0,05;1,831747672;91556,67597
1002;24ºC, 0.05s-1, 100%;297,15;0,05;1,865218302;93009,36346
1002;24ºC, 0.05s-1, 100%;297,15;0,05;1,8974016;94254,52417
1002;24ºC, 0.05s-1, 100%;297,15;0,05;1,93087223;95707,21167
1002;24ºC, 0.05s-1, 100%;297,15;0,05;1,96434286;96952,37238
1002;24ºC, 0.05s-1, 100%;297,15;0,05;1,99781349;98405,05987
1002;24ºC, 0.05s-1, 100%;297,15;0,05;1,988802167;96329,79202
1002;24ºC, 0.05s-1, 100%;297,15;0,05;1,955331537;91971,72954
1002;24ºC, 0.05s-1, 100%;297,15;0,05;1,923148239;87613,66706
1002;24ºC, 0.05s-1, 100%;297,15;0,05;1,889677609;83255,60457
1002;24ºC, 0.05s-1, 100%;297,15;0,05;1,85749431;78897,54209
1002;24ºC, 0.05s-1, 100%;297,15;0,05;1,82402368;74747,00639
1002;24ºC, 0.05s-1, 100%;297,15;0,05;1,79055305;70596,47069
1002;24ºC, 0.05s-1, 100%;297,15;0,05;1,758369752;66653,46178
1002;24ºC, 0.05s-1, 100%;297,15;0,05;1,724899122;62710,45287
1002;24ºC, 0.05s-1, 100%;297,15;0,05;1,691428492;58974,97074
1002;24ºC, 0.05s-1, 100%;297,15;0,05;1,659245193;55447,0154
1002;24ºC, 0.05s-1, 100%;297,15;0,05;1,625774563;51711,53327
1002;24ºC, 0.05s-1, 100%;297,15;0,05;1,593591265;48183,57792
1002;24ºC, 0.05s-1, 100%;297,15;0,05;1,560120635;44655,62258
1002;24ºC, 0.05s-1, 100%;297,15;0,05;1,526650005;41335,19402
1002;24ºC, 0.05s-1, 100%;297,15;0,05;1,494466707;37807,23868
1002;24ºC, 0.05s-1, 100%;297,15;0,05;1,460996077;34279,28333
1002;24ºC, 0.05s-1, 100%;297,15;0,05;1,428812778;30336,27442
1002;24ºC, 0.05s-1, 100%;297,15;0,05;1,395342148;26393,26551
1002;24ºC, 0.05s-1, 100%;297,15;0,05;1,361871518;22242,72981
1002;24ºC, 0.05s-1, 100%;297,15;0,05;1,32968822;18092,19411
1002;24ºC, 0.05s-1, 100%;297,15;0,05;1,29621759;13941,65841
1002;24ºC, 0.05s-1, 100%;297,15;0,05;1,26274696;9791,122715
1002;24ºC, 0.05s-1, 100%;297,15;0,05;1,230563661;5640,587017
1002;24ºC, 0.05s-1, 100%;297,15;0,05;1,197093031;1490,051319
1003;24ºC, 0.01s-1, 100%;297,15;0,01;0,99948758;348,654002
1003;24ºC, 0.01s-1, 100%;297,15;0,01;1,031670879;7819,618259
1003;24ºC, 0.01s-1, 100%;297,15;0,01;1,065141509;15290,58252
1003;24ºC, 0.01s-1, 100%;297,15;0,01;1,098612139;21308,85928
1003;24ºC, 0.01s-1, 100%;297,15;0,01;1,130795437;25251,86819
1003;24ºC, 0.01s-1, 100%;297,15;0,01;1,164266067;28364,76996
1003;24ºC, 0.01s-1, 100%;297,15;0,01;1,196449365;31892,72531
1003;24ºC, 0.01s-1, 100%;297,15;0,01;1,229919996;35628,20744
1003;24ºC, 0.01s-1, 100%;297,15;0,01;1,263390626;39363,68957
1003;24ºC, 0.01s-1, 100%;297,15;0,01;1,295573924;42684,11812
1003;24ºC, 0.01s-1, 100%;297,15;0,01;1,329044554;45797,0199
1003;24ºC, 0.01s-1, 100%;297,15;0,01;1,362515184;48494,8681
1003;24ºC, 0.01s-1, 100%;297,15;0,01;1,394698482;50777,66274
1003;24ºC, 0.01s-1, 100%;297,15;0,01;1,428169112;53060,45737
1003;24ºC, 0.01s-1, 100%;297,15;0,01;1,460352411;55135,72522
1003;24ºC, 0.01s-1, 100%;297,15;0,01;1,493823041;57210,99307
1003;24ºC, 0.01s-1, 100%;297,15;0,01;1,527293671;59078,73413
1003;24ºC, 0.01s-1, 100%;297,15;0,01;1,559476969;60946,4752
1003;24ºC, 0.01s-1, 100%;297,15;0,01;1,592947599;62606,68948
1003;24ºC, 0.01s-1, 100%;297,15;0,01;1,625130897;64474,43054
1003;24ºC, 0.01s-1, 100%;297,15;0,01;1,658601527;65927,11803
1003;24ºC, 0.01s-1, 100%;297,15;0,01;1,692072158;67794,8591
1003;24ºC, 0.01s-1, 100%;297,15;0,01;1,724255456;69455,07338
1003;24ºC, 0.01s-1, 100%;297,15;0,01;1,757726086;70907,76087
1003;24ºC, 0.01s-1, 100%;297,15;0,01;1,791196716;72152,92158
1003;24ºC, 0.01s-1, 100%;297,15;0,01;1,823380014;73190,55551
1003;24ºC, 0.01s-1, 100%;297,15;0,01;1,856850644;74435,71621
1003;24ºC, 0.01s-1, 100%;297,15;0,01;1,889033943;76095,93049
1003;24ºC, 0.01s-1, 100%;297,15;0,01;1,922504573;77341,0912
1003;24ºC, 0.01s-1, 100%;297,15;0,01;1,955975203;78586,25191
1003;24ºC, 0.01s-1, 100%;297,15;0,01;1,988158501;79208,83227
1003;24ºC, 0.01s-1, 100%;297,15;0,01;1,979147178;77341,0912
1003;24ºC, 0.01s-1, 100%;297,15;0,01;1,945676547;73813,13586
1003;24ºC, 0.01s-1, 100%;297,15;0,01;1,913493249;70492,7073
1003;24ºC, 0.01s-1, 100%;297,15;0,01;1,880022619;67587,33231
1003;24ºC, 0.01s-1, 100%;297,15;0,01;1,846551989;64889,48411
1003;24ºC, 0.01s-1, 100%;297,15;0,01;1,814368691;62606,68948
1003;24ºC, 0.01s-1, 100%;297,15;0,01;1,780898061;60116,36806
1003;24ºC, 0.01s-1, 100%;297,15;0,01;1,747427431;57626,04664
1003;24ºC, 0.01s-1, 100%;297,15;0,01;1,715244132;55135,72522
1003;24ºC, 0.01s-1, 100%;297,15;0,01;1,681773502;52437,87701
1003;24ºC, 0.01s-1, 100%;297,15;0,01;1,649590204;49740,02881
1003;24ºC, 0.01s-1, 100%;297,15;0,01;1,616119574;47042,18061
1003;24ºC, 0.01s-1, 100%;297,15;0,01;1,582648944;44551,85919
1003;24ºC, 0.01s-1, 100%;297,15;0,01;1,550465646;41854,01098
1003;24ºC, 0.01s-1, 100%;297,15;0,01;1,516995015;39156,16278
1003;24ºC, 0.01s-1, 100%;297,15;0,01;1,484811717;36458,31458
1003;24ºC, 0.01s-1, 100%;297,15;0,01;1,451341087;33552,93959
1003;24ºC, 0.01s-1, 100%;297,15;0,01;1,417870457;30647,5646
1003;24ºC, 0.01s-1, 100%;297,15;0,01;1,385687159;27949,7164
1003;24ºC, 0.01s-1, 100%;297,15;0,01;1,352216529;25251,86819
1003;24ºC, 0.01s-1, 100%;297,15;0,01;1,32003323;22346,4932
1003;24ºC, 0.01s-1, 100%;297,15;0,01;1,2865626;18818,53786
1003;24ºC, 0.01s-1, 100%;297,15;0,01;1,25309197;15290,58252
1003;24ºC, 0.01s-1, 100%;297,15;0,01;1,220908672;11555,10039
1003;24ºC, 0.01s-1, 100%;297,15;0,01;1,187438042;7819,618259
1003;24ºC, 0.01s-1, 100%;297,15;0,01;1,153967412;3876,609345
1004;0ºC, 0.1s-1, 100%;273,15;0,1;0,998886683;773,7411934
1004;0ºC, 0.1s-1, 100%;273,15;0,1;1,031718552;79895,10883
1004;0ºC, 0.1s-1, 100%;273,15;0,1;1,066481707;133075,0445
1004;0ºC, 0.1s-1, 100%;273,15;0,1;1,099313576;173284,2641
1004;0ºC, 0.1s-1, 100%;273,15;0,1;1,132145446;208305,1973
1004;0ºC, 0.1s-1, 100%;273,15;0,1;1,164977315;231652,4861
1004;0ºC, 0.1s-1, 100%;273,15;0,1;1,19974047;245920,2737
1004;0ºC, 0.1s-1, 100%;273,15;0,1;1,232572339;258890,9897
1004;0ºC, 0.1s-1, 100%;273,15;0,1;1,265404209;271861,7057
1004;0ºC, 0.1s-1, 100%;273,15;0,1;1,298236078;280941,2069
1004;0ºC, 0.1s-1, 100%;273,15;0,1;1,332999233;291317,7797
1004;0ºC, 0.1s-1, 100%;273,15;0,1;1,365831103;300397,2809
1004;0ºC, 0.1s-1, 100%;273,15;0,1;1,398662972;309476,7821
1004;0ºC, 0.1s-1, 100%;273,15;0,1;1,431494841;315962,1401
1004;0ºC, 0.1s-1, 100%;273,15;0,1;1,46432671;322447,4981
1004;0ºC, 0.1s-1, 100%;273,15;0,1;1,499089866;327635,7845
1004;0ºC, 0.1s-1, 100%;273,15;0,1;1,531921735;332824,0709
1004;0ºC, 0.1s-1, 100%;273,15;0,1;1,564753604;338012,3574
1004;0ºC, 0.1s-1, 100%;273,15;0,1;1,597585473;341903,5722
1004;0ºC, 0.1s-1, 100%;273,15;0,1;1,632348629;347091,8586
1004;0ºC, 0.1s-1, 100%;273,15;0,1;1,665180498;350983,0734
1004;0ºC, 0.1s-1, 100%;273,15;0,1;1,698012367;354874,2882
1004;0ºC, 0.1s-1, 100%;273,15;0,1;1,730844236;358765,503
1004;0ºC, 0.1s-1, 100%;273,15;0,1;1,765607392;362656,7178
1004;0ºC, 0.1s-1, 100%;273,15;0,1;1,798439261;365250,861
1004;0ºC, 0.1s-1, 100%;273,15;0,1;1,83127113;369142,0758
1004;0ºC, 0.1s-1, 100%;273,15;0,1;1,864102999;373033,2906
1004;0ºC, 0.1s-1, 100%;273,15;0,1;1,898866155;376924,5054
1004;0ºC, 0.1s-1, 100%;273,15;0,1;1,931698024;380815,7202
1004;0ºC, 0.1s-1, 100%;273,15;0,1;1,964529893;383409,8634
1004;0ºC, 0.1s-1, 100%;273,15;0,1;1,997361762;386004,0066
1004;0ºC, 0.1s-1, 100%;273,15;0,1;1,989153795;354874,2882
1004;0ºC, 0.1s-1, 100%;273,15;0,1;1,956321926;312070,9253
1004;0ºC, 0.1s-1, 100%;273,15;0,1;1,92155877;277049,9921
1004;0ºC, 0.1s-1, 100%;273,15;0,1;1,888726901;245920,2737
1004;0ºC, 0.1s-1, 100%;273,15;0,1;1,855895032;213493,4837
1004;0ºC, 0.1s-1, 100%;273,15;0,1;1,823063163;184957,9085
1004;0ºC, 0.1s-1, 100%;273,15;0,1;1,790231294;161610,6197
1004;0ºC, 0.1s-1, 100%;273,15;0,1;1,755468138;140857,4741
1004;0ºC, 0.1s-1, 100%;273,15;0,1;1,722636269;121401,4
1004;0ºC, 0.1s-1, 100%;273,15;0,1;1,6898044;103242,3976
1004;0ºC, 0.1s-1, 100%;273,15;0,1;1,65697253;87677,53843
1004;0ºC, 0.1s-1, 100%;273,15;0,1;1,622209375;70815,60763
1004;0ºC, 0.1s-1, 100%;273,15;0,1;1,589377506;52656,60522
1004;0ºC, 0.1s-1, 100%;273,15;0,1;1,556545637;38388,81761
1004;0ºC, 0.1s-1, 100%;273,15;0,1;1,523713767;24121,03
1004;0ºC, 0.1s-1, 100%;273,15;0,1;1,490010515;5649,717514
1005;0ºC, 0.05s-1, 100%;273,15;0,05;1,000335147;1098,009094
1005;0ºC, 0.05s-1, 100%;273,15;0,05;1,033167016;71139,87553
1005;0ºC, 0.05s-1, 100%;273,15;0,05;1,065998886;108754,9519
1005;0ºC, 0.05s-1, 100%;273,15;0,05;1,098830755;130805,1692
1005;0ºC, 0.05s-1, 100%;273,15;0,05;1,131662624;150261,2432
1005;0ºC, 0.05s-1, 100%;273,15;0,05;1,16642578;168420,2456
1005;0ºC, 0.05s-1, 100%;273,15;0,05;1,199257649;180093,89
1005;0ºC, 0.05s-1, 100%;273,15;0,05;1,232089518;191767,5344
1005;0ºC, 0.05s-1, 100%;273,15;0,05;1,264921387;200847,0356
1005;0ºC, 0.05s-1, 100%;273,15;0,05;1,299684543;207332,3936
1005;0ºC, 0.05s-1, 100%;273,15;0,05;1,332516412;215114,8232
1005;0ºC, 0.05s-1, 100%;273,15;0,05;1,365348281;224194,3244
1005;0ºC, 0.05s-1, 100%;273,15;0,05;1,39818015;230679,6824
1005;0ºC, 0.05s-1, 100%;273,15;0,05;1,432943306;237165,0404
1005;0ºC, 0.05s-1, 100%;273,15;0,05;1,465775175;242353,3268
1005;0ºC, 0.05s-1, 100%;273,15;0,05;1,498607044;247541,6132
1005;0ºC, 0.05s-1, 100%;273,15;0,05;1,531438913;251432,828
1005;0ºC, 0.05s-1, 100%;273,15;0,05;1,566202069;255324,0428
1005;0ºC, 0.05s-1, 100%;273,15;0,05;1,599033938;259215,2576
1005;0ºC, 0.05s-1, 100%;273,15;0,05;1,631865807;263106,4724
1005;0ºC, 0.05s-1, 100%;273,15;0,05;1,664697676;266997,6872
1005;0ºC, 0.05s-1, 100%;273,15;0,05;1,697529545;269591,8304
1005;0ºC, 0.05s-1, 100%;273,15;0,05;1,732292701;272185,9736
1005;0ºC, 0.05s-1, 100%;273,15;0,05;1,76512457;274780,1168
1005;0ºC, 0.05s-1, 100%;273,15;0,05;1,797956439;277374,26
1005;0ºC, 0.05s-1, 100%;273,15;0,05;1,830788308;279968,4032
1005;0ºC, 0.05s-1, 100%;273,15;0,05;1,865551464;282562,5464
1005;0ºC, 0.05s-1, 100%;273,15;0,05;1,898383333;286453,7612
1005;0ºC, 0.05s-1, 100%;273,15;0,05;1,931215202;289047,9044
1005;0ºC, 0.05s-1, 100%;273,15;0,05;1,964047071;290344,976
1005;0ºC, 0.05s-1, 100%;273,15;0,05;1,998810227;292939,1192
1005;0ºC, 0.05s-1, 100%;273,15;0,05;1,988670973;266997,6872
1005;0ºC, 0.05s-1, 100%;273,15;0,05;1,955839104;233273,8256
1005;0ºC, 0.05s-1, 100%;273,15;0,05;1,921075949;209926,5368
1005;0ºC, 0.05s-1, 100%;273,15;0,05;1,888244079;189173,3912
1005;0ºC, 0.05s-1, 100%;273,15;0,05;1,85541221;171014,3888
1005;0ºC, 0.05s-1, 100%;273,15;0,05;1,822580341;152855,3864
1005;0ºC, 0.05s-1, 100%;273,15;0,05;1,787817186;135993,4556
1005;0ºC, 0.05s-1, 100%;273,15;0,05;1,754985316;123022,7396
1005;0ºC, 0.05s-1, 100%;273,15;0,05;1,722153447;110052,0235
1005;0ºC, 0.05s-1, 100%;273,15;0,05;1,689321578;97081,30754
1005;0ºC, 0.05s-1, 100%;273,15;0,05;1,656489709;84110,59153
1005;0ºC, 0.05s-1, 100%;273,15;0,05;1,62365784;73734,01873
1005;0ºC, 0.05s-1, 100%;273,15;0,05;1,590825971;63357,44592
1005;0ºC, 0.05s-1, 100%;273,15;0,05;1,556062815;50386,72992
1005;0ºC, 0.05s-1, 100%;273,15;0,05;1,523230946;38713,08551
1005;0ºC, 0.05s-1, 100%;273,15;0,05;1,490399077;27039,44111
1005;0ºC, 0.05s-1, 100%;273,15;0,05;1,455635921;16662,8683
1005;0ºC, 0.05s-1, 100%;273,15;0,05;1,422804052;3692,152295
1006;0ºC, 0.01s-1, 100%;273,15;0,01;0,998403861;449,4732933
1006;0ºC, 0.01s-1, 100%;273,15;0,01;1,032597266;36016,94915
1006;0ºC, 0.01s-1, 100%;273,15;0,01;1,065998886;54926,48052
1006;0ºC, 0.01s-1, 100%;273,15;0,01;1,098830755;66600,12492
1006;0ºC, 0.01s-1, 100%;273,15;0,01;1,131662624;78273,76933
1006;0ºC, 0.01s-1, 100%;273,15;0,01;1,16642578;91244,48534
1006;0ºC, 0.01s-1, 100%;273,15;0,01;1,199257649;99026,91494
1006;0ºC, 0.01s-1, 100%;273,15;0,01;1,232089518;105512,2729
1006;0ºC, 0.01s-1, 100%;273,15;0,01;1,264921387;111997,6309
1006;0ºC, 0.01s-1, 100%;273,15;0,01;1,299684543;115888,8457
1006;0ºC, 0.01s-1, 100%;273,15;0,01;1,332516412;122374,2037
1006;0ºC, 0.01s-1, 100%;273,15;0,01;1,365348281;126265,4186
1006;0ºC, 0.01s-1, 100%;273,15;0,01;1,39818015;131453,705
1006;0ºC, 0.01s-1, 100%;273,15;0,01;1,431012019;135344,9198
1006;0ºC, 0.01s-1, 100%;273,15;0,01;1,463843888;137939,063
1006;0ºC, 0.01s-1, 100%;273,15;0,01;1,498607044;143127,3494
1006;0ºC, 0.01s-1, 100%;273,15;0,01;1,531438913;145721,4926
1006;0ºC, 0.01s-1, 100%;273,15;0,01;1,564270782;149612,7074
1006;0ºC, 0.01s-1, 100%;273,15;0,01;1,597102651;152206,8506
1006;0ºC, 0.01s-1, 100%;273,15;0,01;1,631865807;156098,0654
1006;0ºC, 0.01s-1, 100%;273,15;0,01;1,664697676;158692,2086
1006;0ºC, 0.01s-1, 100%;273,15;0,01;1,697529545;161286,3518
1006;0ºC, 0.01s-1, 100%;273,15;0,01;1,728430128;161286,3518
1006;0ºC, 0.01s-1, 100%;273,15;0,01;1,76512457;166474,6382
1006;0ºC, 0.01s-1, 100%;273,15;0,01;1,797956439;169068,7814
1006;0ºC, 0.01s-1, 100%;273,15;0,01;1,830788308;171662,9246
1006;0ºC, 0.01s-1, 100%;273,15;0,01;1,863620178;172959,9962
1006;0ºC, 0.01s-1, 100%;273,15;0,01;1,898383333;176851,211
1006;0ºC, 0.01s-1, 100%;273,15;0,01;1,931215202;178148,2826
1006;0ºC, 0.01s-1, 100%;273,15;0,01;1,964047071;179445,3542
1006;0ºC, 0.01s-1, 100%;273,15;0,01;1,996878941;179445,3542
1006;0ºC, 0.01s-1, 100%;273,15;0,01;1,958253212;159989,2802
1006;0ºC, 0.01s-1, 100%;273,15;0,01;1,925421343;145721,4926
1006;0ºC, 0.01s-1, 100%;273,15;0,01;1,892589474;134047,8482
1006;0ºC, 0.01s-1, 100%;273,15;0,01;1,859757605;124968,347
1006;0ºC, 0.01s-1, 100%;273,15;0,01;1,824994449;115888,8457
1006;0ºC, 0.01s-1, 100%;273,15;0,01;1,79216258;106809,3445
1006;0ºC, 0.01s-1, 100%;273,15;0,01;1,759330711;97729,84334
1006;0ºC, 0.01s-1, 100%;273,15;0,01;1,726498842;89947,41373
1006;0ºC, 0.01s-1, 100%;273,15;0,01;1,693666972;82164,98413
1006;0ºC, 0.01s-1, 100%;273,15;0,01;1,658903817;75679,62613
1006;0ºC, 0.01s-1, 100%;273,15;0,01;1,624140661;70491,33973
1006;0ºC, 0.01s-1, 100%;273,15;0,01;1,593240079;61411,83852
1006;0ºC, 0.01s-1, 100%;273,15;0,01;1,560408209;56223,55212
1006;0ºC, 0.01s-1, 100%;273,15;0,01;1,525645054;48441,12252
1006;0ºC, 0.01s-1, 100%;273,15;0,01;1,492813185;40658,69291
1006;0ºC, 0.01s-1, 100%;273,15;0,01;1,459981316;34173,33491
1006;0ºC, 0.01s-1, 100%;273,15;0,01;1,42521816;28985,04851
1006;0ºC, 0.01s-1, 100%;273,15;0,01;1,392386291;21202,6189
1006;0ºC, 0.01s-1, 100%;273,15;0,01;1,359554422;14717,2609
1006;0ºC, 0.01s-1, 100%;273,15;0,01;1,326722552;8231,902897
1006;0ºC, 0.01s-1, 100%;273,15;0,01;1,293890683;449,4732933
1007;40ºC, 0.1s-1, 100%;313,15;0,1;0,999422374;-219,8714311
1007;40ºC, 0.1s-1, 100%;313,15;0,1;1,032285219;9150,920225
1007;40ºC, 0.1s-1, 100%;313,15;0,1;1,065148065;15398,11466
1007;40ºC, 0.1s-1, 100%;313,15;0,1;1,098010911;20708,22993
1007;40ºC, 0.1s-1, 100%;313,15;0,1;1,132806865;26330,70493
1007;40ºC, 0.1s-1, 100%;313,15;0,1;1,165669711;31953,17992
1007;40ºC, 0.1s-1, 100%;313,15;0,1;1,198532557;36638,57575
1007;40ºC, 0.1s-1, 100%;313,15;0,1;1,231395402;40699,25213
1007;40ºC, 0.1s-1, 100%;313,15;0,1;1,266191357;44135,20907
1007;40ºC, 0.1s-1, 100%;313,15;0,1;1,299054203;47571,16601
1007;40ºC, 0.1s-1, 100%;313,15;0,1;1,331917048;50070,04379
1007;40ºC, 0.1s-1, 100%;313,15;0,1;1,364779894;52568,92156
1007;40ºC, 0.1s-1, 100%;313,15;0,1;1,399575848;55067,79934
1007;40ºC, 0.1s-1, 100%;313,15;0,1;1,432438694;57254,31739
1007;40ºC, 0.1s-1, 100%;313,15;0,1;1,46530154;59440,83544
1007;40ºC, 0.1s-1, 100%;313,15;0,1;1,498164386;61002,63405
1007;40ºC, 0.1s-1, 100%;313,15;0,1;1,53296034;62876,79238
1007;40ºC, 0.1s-1, 100%;313,15;0,1;1,565823186;64750,95072
1007;40ºC, 0.1s-1, 100%;313,15;0,1;1,598686031;66625,10905
1007;40ºC, 0.1s-1, 100%;313,15;0,1;1,631548877;68186,90766
1007;40ºC, 0.1s-1, 100%;313,15;0,1;1,664411723;70061,06599
1007;40ºC, 0.1s-1, 100%;313,15;0,1;1,699207677;71935,22432
1007;40ºC, 0.1s-1, 100%;313,15;0,1;1,732070523;73497,02293
1007;40ºC, 0.1s-1, 100%;313,15;0,1;1,764933369;75058,82154
1007;40ºC, 0.1s-1, 100%;313,15;0,1;1,797796214;76620,62015
1007;40ºC, 0.1s-1, 100%;313,15;0,1;1,832592169;77870,05903
1007;40ºC, 0.1s-1, 100%;313,15;0,1;1,865455014;79119,49792
1007;40ºC, 0.1s-1, 100%;313,15;0,1;1,89831786;80368,93681
1007;40ºC, 0.1s-1, 100%;313,15;0,1;1,931180706;81618,3757
1007;40ºC, 0.1s-1, 100%;313,15;0,1;1,96597666;82867,81458
1007;40ºC, 0.1s-1, 100%;313,15;0,1;1,998839506;83804,89375
1007;40ºC, 0.1s-1, 100%;313,15;0,1;1,988690686;80368,93681
1007;40ºC, 0.1s-1, 100%;313,15;0,1;1,95582784;76620,62015
1007;40ºC, 0.1s-1, 100%;313,15;0,1;1,922964994;73497,02293
1007;40ºC, 0.1s-1, 100%;313,15;0,1;1,890102149;70373,42571
1007;40ºC, 0.1s-1, 100%;313,15;0,1;1,855306194;67562,18821
1007;40ºC, 0.1s-1, 100%;313,15;0,1;1,822443349;65063,31044
1007;40ºC, 0.1s-1, 100%;313,15;0,1;1,789580503;62252,07294
1007;40ºC, 0.1s-1, 100%;313,15;0,1;1,756717657;59440,83544
1007;40ºC, 0.1s-1, 100%;313,15;0,1;1,721921703;56629,59795
1007;40ºC, 0.1s-1, 100%;313,15;0,1;1,689058857;53818,36045
1007;40ºC, 0.1s-1, 100%;313,15;0,1;1,656196011;51007,12295
1007;40ºC, 0.1s-1, 100%;313,15;0,1;1,623333166;48508,24518
1007;40ºC, 0.1s-1, 100%;313,15;0,1;1,588537211;46009,3674
1007;40ºC, 0.1s-1, 100%;313,15;0,1;1,555674366;43198,12991
1007;40ºC, 0.1s-1, 100%;313,15;0,1;1,52281152;40386,89241
1007;40ºC, 0.1s-1, 100%;313,15;0,1;1,489948674;37575,65491
1007;40ºC, 0.1s-1, 100%;313,15;0,1;1,457085828;34764,41742
1007;40ºC, 0.1s-1, 100%;313,15;0,1;1,422289874;31640,8202
1007;40ºC, 0.1s-1, 100%;313,15;0,1;1,389427028;28517,22298
1007;40ºC, 0.1s-1, 100%;313,15;0,1;1,356564183;25081,26604
1007;40ºC, 0.1s-1, 100%;313,15;0,1;1,323701337;21957,66882
1007;40ºC, 0.1s-1, 100%;313,15;0,1;1,288905383;18521,71188
1007;40ºC, 0.1s-1, 100%;313,15;0,1;1,256042537;15398,11466
1007;40ºC, 0.1s-1, 100%;313,15;0,1;1,223179691;11962,15772
1007;40ºC, 0.1s-1, 100%;313,15;0,1;1,190316845;7589,121615
1007;40ºC, 0.1s-1, 100%;313,15;0,1;1,155520891;3216,085509
1008;40ºC, 0.05s-1, 100%;313,15;0,05;0,998939097;-141,7815006
1008;40ºC, 0.05s-1, 100%;313,15;0,05;1,031801942;4543,614327
1008;40ºC, 0.05s-1, 100%;313,15;0,05;1,064664788;9541,369877
1008;40ºC, 0.05s-1, 100%;313,15;0,05;1,099460742;13914,40598
1008;40ºC, 0.05s-1, 100%;313,15;0,05;1,132323588;17975,08237
1008;40ºC, 0.05s-1, 100%;313,15;0,05;1,165186434;22035,75875
1008;40ºC, 0.05s-1, 100%;313,15;0,05;1,19804928;26408,79486
1008;40ºC, 0.05s-1, 100%;313,15;0,05;1,232845234;30781,83096
1008;40ºC, 0.05s-1, 100%;313,15;0,05;1,26570808;34530,14763
1008;40ºC, 0.05s-1, 100%;313,15;0,05;1,298570925;37966,10457
1008;40ºC, 0.05s-1, 100%;313,15;0,05;1,331433771;41402,06151
1008;40ºC, 0.05s-1, 100%;313,15;0,05;1,366229725;44213,299
1008;40ºC, 0.05s-1, 100%;313,15;0,05;1,399092571;47024,5365
1008;40ºC, 0.05s-1, 100%;313,15;0,05;1,431955417;49211,05455
1008;40ºC, 0.05s-1, 100%;313,15;0,05;1,464818263;51397,57261
1008;40ºC, 0.05s-1, 100%;313,15;0,05;1,499614217;53584,09066
1008;40ºC, 0.05s-1, 100%;313,15;0,05;1,532477063;55458,24899
1008;40ºC, 0.05s-1, 100%;313,15;0,05;1,565339908;57644,76704
1008;40ºC, 0.05s-1, 100%;313,15;0,05;1,598202754;59518,92537
1008;40ºC, 0.05s-1, 100%;313,15;0,05;1,6310656;61705,44343
1008;40ºC, 0.05s-1, 100%;313,15;0,05;1,665861554;63267,24204
1008;40ºC, 0.05s-1, 100%;313,15;0,05;1,6987244;64829,04065
1008;40ºC, 0.05s-1, 100%;313,15;0,05;1,731587246;66078,47953
1008;40ºC, 0.05s-1, 100%;313,15;0,05;1,764450091;67327,91842
1008;40ºC, 0.05s-1, 100%;313,15;0,05;1,799246046;68577,35731
1008;40ºC, 0.05s-1, 100%;313,15;0,05;1,832108891;70139,15592
1008;40ºC, 0.05s-1, 100%;313,15;0,05;1,864971737;71700,95453
1008;40ºC, 0.05s-1, 100%;313,15;0,05;1,897834583;73262,75314
1008;40ºC, 0.05s-1, 100%;313,15;0,05;1,932630537;74512,19202
1008;40ºC, 0.05s-1, 100%;313,15;0,05;1,965493383;75761,63091
1008;40ºC, 0.05s-1, 100%;313,15;0,05;2,000289337;76698,71008
1008;40ºC, 0.05s-1, 100%;313,15;0,05;1,988690686;76073,99063
1008;40ºC, 0.05s-1, 100%;313,15;0,05;1,95582784;71700,95453
1008;40ºC, 0.05s-1, 100%;313,15;0,05;1,922964994;68889,71703
1008;40ºC, 0.05s-1, 100%;313,15;0,05;1,890102149;66078,47953
1008;40ºC, 0.05s-1, 100%;313,15;0,05;1,857239303;62642,52259
1008;40ºC, 0.05s-1, 100%;313,15;0,05;1,824376457;59831,2851
1008;40ºC, 0.05s-1, 100%;313,15;0,05;1,789580503;57644,76704
1008;40ºC, 0.05s-1, 100%;313,15;0,05;1,758650766;55458,24899
1008;40ºC, 0.05s-1, 100%;313,15;0,05;1,723854811;52647,01149
1008;40ºC, 0.05s-1, 100%;313,15;0,05;1,692925074;50148,13372
1008;40ºC, 0.05s-1, 100%;313,15;0,05;1,660062228;47336,89622
1008;40ºC, 0.05s-1, 100%;313,15;0,05;1,625266274;44525,65872
1008;40ºC, 0.05s-1, 100%;313,15;0,05;1,592403428;41714,42123
1008;40ºC, 0.05s-1, 100%;313,15;0,05;1,559540583;39215,54345
1008;40ºC, 0.05s-1, 100%;313,15;0,05;1,526677737;36716,66568
1008;40ºC, 0.05s-1, 100%;313,15;0,05;1,493814891;34217,7879
1008;40ºC, 0.05s-1, 100%;313,15;0,05;1,460952045;31094,19069
1008;40ºC, 0.05s-1, 100%;313,15;0,05;1,4280892;27970,59347
1008;40ºC, 0.05s-1, 100%;313,15;0,05;1,395226354;24534,63653
1008;40ºC, 0.05s-1, 100%;313,15;0,05;1,362363508;21411,03931
1008;40ºC, 0.05s-1, 100%;313,15;0,05;1,329500663;18287,44209
1008;40ºC, 0.05s-1, 100%;313,15;0,05;1,296637817;15163,84487
1008;40ºC, 0.05s-1, 100%;313,15;0,05;1,263774971;11727,88793
1008;40ºC, 0.05s-1, 100%;313,15;0,05;1,230912125;8291,93099
1008;40ºC, 0.05s-1, 100%;313,15;0,05;1,196116171;4855,974049
1008;40ºC, 0.05s-1, 100%;313,15;0,05;1,163253325;2044,736552
1009;40ºC, 0.01s-1, 100%;313,15;0,01;0,998939097;-63,69157018
1009;40ºC, 0.01s-1, 100%;313,15;0,01;1,031801942;4934,06398
1009;40ºC, 0.01s-1, 100%;313,15;0,01;1,064664788;9307,100086
1009;40ºC, 0.01s-1, 100%;313,15;0,01;1,097527634;13367,77647
1009;40ºC, 0.01s-1, 100%;313,15;0,01;1,13039048;17428,45285
1009;40ºC, 0.01s-1, 100%;313,15;0,01;1,163253325;21176,76952
1009;40ºC, 0.01s-1, 100%;313,15;0,01;1,19804928;25237,4459
1009;40ºC, 0.01s-1, 100%;313,15;0,01;1,228979017;28361,04312
1009;40ºC, 0.01s-1, 100%;313,15;0,01;1,263774971;32109,35978
1009;40ºC, 0.01s-1, 100%;313,15;0,01;1,296637817;34920,59728
1009;40ºC, 0.01s-1, 100%;313,15;0,01;1,329500663;36794,75561
1009;40ºC, 0.01s-1, 100%;313,15;0,01;1,362363508;38668,91394
1009;40ºC, 0.01s-1, 100%;313,15;0,01;1,395226354;40855,43199
1009;40ºC, 0.01s-1, 100%;313,15;0,01;1,4280892;42729,59032
1009;40ºC, 0.01s-1, 100%;313,15;0,01;1,460952045;44291,38893
1009;40ºC, 0.01s-1, 100%;313,15;0,01;1,493814891;45540,82782
1009;40ºC, 0.01s-1, 100%;313,15;0,01;1,526677737;47102,62643
1009;40ºC, 0.01s-1, 100%;313,15;0,01;1,559540583;48664,42504
1009;40ºC, 0.01s-1, 100%;313,15;0,01;1,594336537;50226,22365
1009;40ºC, 0.01s-1, 100%;313,15;0,01;1,625266274;50850,94309
1009;40ºC, 0.01s-1, 100%;313,15;0,01;1,659663866;51598,30269
1009;40ºC, 0.01s-1, 100%;313,15;0,01;1,693277311;52616,69024
1009;40ºC, 0.01s-1, 100%;313,15;0,01;1,726890756;53635,07779
1009;40ºC, 0.01s-1, 100%;313,15;0,01;1,758650766;54599,25975
1009;40ºC, 0.01s-1, 100%;313,15;0,01;1,791513611;55536,33892
1009;40ºC, 0.01s-1, 100%;313,15;0,01;1,824376457;56473,41809
1009;40ºC, 0.01s-1, 100%;313,15;0,01;1,857239303;57410,49725
1009;40ºC, 0.01s-1, 100%;313,15;0,01;1,890102149;58347,57642
1009;40ºC, 0.01s-1, 100%;313,15;0,01;1,922964994;59284,65558
1009;40ºC, 0.01s-1, 100%;313,15;0,01;1,95582784;60221,73475
1009;40ºC, 0.01s-1, 100%;313,15;0,01;1,988690686;60846,45419
1009;40ºC, 0.01s-1, 100%;313,15;0,01;1,979025143;58425,66635
1009;40ºC, 0.01s-1, 100%;313,15;0,01;1,946162297;56239,14829
1009;40ºC, 0.01s-1, 100%;313,15;0,01;1,913299452;54364,98996
1009;40ºC, 0.01s-1, 100%;313,15;0,01;1,880436606;52178,47191
1009;40ºC, 0.01s-1, 100%;313,15;0,01;1,84757376;49991,95386
1009;40ºC, 0.01s-1, 100%;313,15;0,01;1,814710914;47493,07608
1009;40ºC, 0.01s-1, 100%;313,15;0,01;1,781848069;45306,55803
1009;40ºC, 0.01s-1, 100%;313,15;0,01;1,748985223;43120,03998
1009;40ºC, 0.01s-1, 100%;313,15;0,01;1,716122377;41558,24137
1009;40ºC, 0.01s-1, 100%;313,15;0,01;1,683259531;39996,44276
1009;40ºC, 0.01s-1, 100%;313,15;0,01;1,648463577;38122,28443
1009;40ºC, 0.01s-1, 100%;313,15;0,01;1,615600731;35623,40665
1009;40ºC, 0.01s-1, 100%;313,15;0,01;1,582737886;33436,8886
1009;40ºC, 0.01s-1, 100%;313,15;0,01;1,54987504;31250,37055
1009;40ºC, 0.01s-1, 100%;313,15;0,01;1,517012194;29063,85249
1009;40ºC, 0.01s-1, 100%;313,15;0,01;1,484149348;27189,69416
1009;40ºC, 0.01s-1, 100%;313,15;0,01;1,451286503;25003,17611
1009;40ºC, 0.01s-1, 100%;313,15;0,01;1,418423657;22816,65806
1009;40ºC, 0.01s-1, 100%;313,15;0,01;1,385560811;20942,49972
1009;40ºC, 0.01s-1, 100%;313,15;0,01;1,352697965;18755,98167
1009;40ºC, 0.01s-1, 100%;313,15;0,01;1,31983512;16569,46362
1009;40ºC, 0.01s-1, 100%;313,15;0,01;1,285039165;14695,30529
1009;40ºC, 0.01s-1, 100%;313,15;0,01;1,25217632;11884,06779
1009;40ºC, 0.01s-1, 100%;313,15;0,01;1,219313474;9697,549738
1009;40ºC, 0.01s-1, 100%;313,15;0,01;1,186450628;6573,952519
1009;40ºC, 0.01s-1, 100%;313,15;0,01;1,153587782;2825,635857
1010;50ºC, 0.1s-1, 100%;323,15;0,1;0,998716645;270,8860759
1010;50ºC, 0.1s-1, 100%;323,15;0,1;1,032551507;8518,312236
1010;50ºC, 0.1s-1, 100%;323,15;0,1;1,065419659;14275,94937
1010;50ºC, 0.1s-1, 100%;323,15;0,1;1,099254522;18321,85654
1010;50ºC, 0.1s-1, 100%;323,15;0,1;1,132122674;21900,92827
1010;50ºC, 0.1s-1, 100%;323,15;0,1;1,165957536;25324,38819
1010;50ºC, 0.1s-1, 100%;323,15;0,1;1,198825688;28903,45992
1010;50ºC, 0.1s-1, 100%;323,15;0,1;1,23266055;32326,91983
1010;50ºC, 0.1s-1, 100%;323,15;0,1;1,265528702;35283,5443
1010;50ºC, 0.1s-1, 100%;323,15;0,1;1,299363565;38240,16878
1010;50ºC, 0.1s-1, 100%;323,15;0,1;1,332231717;40885,56962
1010;50ºC, 0.1s-1, 100%;323,15;0,1;1,365099869;43842,19409
1010;50ºC, 0.1s-1, 100%;323,15;0,1;1,398934731;46643,20675
1010;50ºC, 0.1s-1, 100%;323,15;0,1;1,431802883;49288,60759
1010;50ºC, 0.1s-1, 100%;323,15;0,1;1,465637746;51622,78481
1010;50ºC, 0.1s-1, 100%;323,15;0,1;1,498505898;53645,7384
1010;50ºC, 0.1s-1, 100%;323,15;0,1;1,53234076;55668,69198
1010;50ºC, 0.1s-1, 100%;323,15;0,1;1,565208912;57536,03376
1010;50ºC, 0.1s-1, 100%;323,15;0,1;1,599043775;59092,1519
1010;50ºC, 0.1s-1, 100%;323,15;0,1;1,631911927;60648,27004
1010;50ºC, 0.1s-1, 100%;323,15;0,1;1,665746789;62048,77637
1010;50ºC, 0.1s-1, 100%;323,15;0,1;1,698614941;63449,2827
1010;50ºC, 0.1s-1, 100%;323,15;0,1;1,732449803;65005,40084
1010;50ºC, 0.1s-1, 100%;323,15;0,1;1,765317955;66561,51899
1010;50ºC, 0.1s-1, 100%;323,15;0,1;1,799152818;68117,63713
1010;50ºC, 0.1s-1, 100%;323,15;0,1;1,83202097;69518,14346
1010;50ºC, 0.1s-1, 100%;323,15;0,1;1,864889122;70763,03797
1010;50ºC, 0.1s-1, 100%;323,15;0,1;1,898723984;72007,93249
1010;50ºC, 0.1s-1, 100%;323,15;0,1;1,931592136;73097,21519
1010;50ºC, 0.1s-1, 100%;323,15;0,1;1,965426999;74186,49789
1010;50ºC, 0.1s-1, 100%;323,15;0,1;1,956726606;69284,72574
1010;50ºC, 0.1s-1, 100%;323,15;0,1;1,922891743;66328,10127
1010;50ºC, 0.1s-1, 100%;323,15;0,1;1,890023591;63682,70042
1010;50ºC, 0.1s-1, 100%;323,15;0,1;1,856188729;61037,29958
1010;50ºC, 0.1s-1, 100%;323,15;0,1;1,823320577;58547,51055
1010;50ºC, 0.1s-1, 100%;323,15;0,1;1,790563565;55696,20253
1010;50ºC, 0.1s-1, 100%;323,15;0,1;1,756617562;53256,70886
1010;50ºC, 0.1s-1, 100%;323,15;0,1;1,7227827;50455,6962
1010;50ºC, 0.1s-1, 100%;323,15;0,1;1,689914548;47499,07173
1010;50ºC, 0.1s-1, 100%;323,15;0,1;1,657046396;45009,2827
1010;50ºC, 0.1s-1, 100%;323,15;0,1;1,623211533;42675,10549
1010;50ºC, 0.1s-1, 100%;323,15;0,1;1,590343381;40340,92827
1010;50ºC, 0.1s-1, 100%;323,15;0,1;1,556508519;37851,13924
1010;50ºC, 0.1s-1, 100%;323,15;0,1;1,523640367;35205,7384
1010;50ºC, 0.1s-1, 100%;323,15;0,1;1,489805505;32404,72574
1010;50ºC, 0.1s-1, 100%;323,15;0,1;1,456937353;29603,71308
1010;50ºC, 0.1s-1, 100%;323,15;0,1;1,42310249;26958,31224
1010;50ºC, 0.1s-1, 100%;323,15;0,1;1,390234338;24157,29958
1010;50ºC, 0.1s-1, 100%;323,15;0,1;1,356399476;21200,67511
1010;50ºC, 0.1s-1, 100%;323,15;0,1;1,323531324;18399,66245
1010;50ºC, 0.1s-1, 100%;323,15;0,1;1,290663172;15598,64979
1010;50ºC, 0.1s-1, 100%;323,15;0,1;1,256828309;12175,18987
1010;50ºC, 0.1s-1, 100%;323,15;0,1;1,223960157;8284,894515
1010;50ºC, 0.1s-1, 100%;323,15;0,1;1,190125295;4083,375527
1011;50ºC, 0.05s-1, 100%;323,15;0,05;0,9992;270,8860759
1011;50ºC, 0.05s-1, 100%;323,15;0,05;1,032068152;5406,075949
1011;50ºC, 0.05s-1, 100%;323,15;0,05;1,065903014;10074,43038
1011;50ºC, 0.05s-1, 100%;323,15;0,05;1,098771166;14431,56118
1011;50ºC, 0.05s-1, 100%;323,15;0,05;1,132606029;18166,24473
1011;50ºC, 0.05s-1, 100%;323,15;0,05;1,165474181;21900,92827
1011;50ºC, 0.05s-1, 100%;323,15;0,05;1,199309043;25480
1011;50ºC, 0.05s-1, 100%;323,15;0,05;1,232177195;28747,8481
1011;50ºC, 0.05s-1, 100%;323,15;0,05;1,265045347;32015,6962
1011;50ºC, 0.05s-1, 100%;323,15;0,05;1,29888021;34816,70886
1011;50ºC, 0.05s-1, 100%;323,15;0,05;1,331748362;37462,1097
1011;50ºC, 0.05s-1, 100%;323,15;0,05;1,365583224;40107,51055
1011;50ºC, 0.05s-1, 100%;323,15;0,05;1,398451376;42441,68776
1011;50ºC, 0.05s-1, 100%;323,15;0,05;1,432286239;44775,86498
1011;50ºC, 0.05s-1, 100%;323,15;0,05;1,465154391;46798,81857
1011;50ºC, 0.05s-1, 100%;323,15;0,05;1,498989253;48821,77215
1011;50ºC, 0.05s-1, 100%;323,15;0,05;1,531857405;50533,50211
1011;50ºC, 0.05s-1, 100%;323,15;0,05;1,565692267;52245,23207
1011;50ºC, 0.05s-1, 100%;323,15;0,05;1,598560419;53801,35021
1011;50ºC, 0.05s-1, 100%;323,15;0,05;1,632395282;55357,46835
1011;50ºC, 0.05s-1, 100%;323,15;0,05;1,665263434;56913,5865
1011;50ºC, 0.05s-1, 100%;323,15;0,05;1,699098296;58469,70464
1011;50ºC, 0.05s-1, 100%;323,15;0,05;1,731966448;59870,21097
1011;50ºC, 0.05s-1, 100%;323,15;0,05;1,7648346;61270,7173
1011;50ºC, 0.05s-1, 100%;323,15;0,05;1,798669463;62826,83544
1011;50ºC, 0.05s-1, 100%;323,15;0,05;1,831537615;64071,72996
1011;50ºC, 0.05s-1, 100%;323,15;0,05;1,865372477;65472,23629
1011;50ºC, 0.05s-1, 100%;323,15;0,05;1,898240629;66561,51899
1011;50ºC, 0.05s-1, 100%;323,15;0,05;1,932075491;67650,80169
1011;50ºC, 0.05s-1, 100%;323,15;0,05;1,964943644;68584,47257
1011;50ºC, 0.05s-1, 100%;323,15;0,05;1,95624325;67183,96624
1011;50ºC, 0.05s-1, 100%;323,15;0,05;1,923375098;64538,5654
1011;50ºC, 0.05s-1, 100%;323,15;0,05;1,890506946;62204,38819
1011;50ºC, 0.05s-1, 100%;323,15;0,05;1,857638794;59870,21097
1011;50ºC, 0.05s-1, 100%;323,15;0,05;1,824770642;57691,64557
1011;50ºC, 0.05s-1, 100%;323,15;0,05;1,79093578;55513,08017
1011;50ºC, 0.05s-1, 100%;323,15;0,05;1,758067628;53490,12658
1011;50ºC, 0.05s-1, 100%;323,15;0,05;1,725199476;51311,56118
1011;50ºC, 0.05s-1, 100%;323,15;0,05;1,692331324;49288,60759
1011;50ºC, 0.05s-1, 100%;323,15;0,05;1,659463172;47265,65401
1011;50ºC, 0.05s-1, 100%;323,15;0,05;1,62659502;44931,47679
1011;50ºC, 0.05s-1, 100%;323,15;0,05;1,593726868;42441,68776
1011;50ºC, 0.05s-1, 100%;323,15;0,05;1,559892005;39951,89873
1011;50ºC, 0.05s-1, 100%;323,15;0,05;1,527023853;37617,72152
1011;50ºC, 0.05s-1, 100%;323,15;0,05;1,494155701;35283,5443
1011;50ºC, 0.05s-1, 100%;323,15;0,05;1,461287549;32638,14346
1011;50ºC, 0.05s-1, 100%;323,15;0,05;1,428419397;29681,51899
1011;50ºC, 0.05s-1, 100%;323,15;0,05;1,395551245;26569,2827
1011;50ºC, 0.05s-1, 100%;323,15;0,05;1,361716383;23457,04641
1011;50ºC, 0.05s-1, 100%;323,15;0,05;1,328848231;20500,42194
1011;50ºC, 0.05s-1, 100%;323,15;0,05;1,295980079;17388,18565
1011;50ºC, 0.05s-1, 100%;323,15;0,05;1,263111927;14120,33755
1011;50ºC, 0.05s-1, 100%;323,15;0,05;1,230243775;10852,48945
1011;50ºC, 0.05s-1, 100%;323,15;0,05;1,197375623;7429,029536
1011;50ºC, 0.05s-1, 100%;323,15;0,05;1,164507471;3849,957806
1011;50ºC, 0.05s-1, 100%;323,15;0,05;1,130672608;270,8860759
1012;50ºC, 0.01s-1, 100%;323,15;0,01;0,998951507;0
1012;50ºC, 0.01s-1, 100%;323,15;0,01;1,031454784;5400,843882
1012;50ºC, 0.01s-1, 100%;323,15;0,01;1,064936304;9918,818565
1012;50ºC, 0.01s-1, 100%;323,15;0,01;1,09750983;13502,1097
1012;50ºC, 0.01s-1, 100%;323,15;0,01;1,132110092;16540,08439
1012;50ºC, 0.01s-1, 100%;323,15;0,01;1,164507471;19877,97468
1012;50ºC, 0.01s-1, 100%;323,15;0,01;1,197375623;22678,98734
1012;50ºC, 0.01s-1, 100%;323,15;0,01;1,230243775;25480
1012;50ºC, 0.01s-1, 100%;323,15;0,01;1,263111927;28125,40084
1012;50ºC, 0.01s-1, 100%;323,15;0,01;1,295980079;30459,57806
1012;50ºC, 0.01s-1, 100%;323,15;0,01;1,328848231;32326,91983
1012;50ºC, 0.01s-1, 100%;323,15;0,01;1,362683093;34194,2616
1012;50ºC, 0.01s-1, 100%;323,15;0,01;1,395551245;35905,99156
1012;50ºC, 0.01s-1, 100%;323,15;0,01;1,428419397;37773,33333
1012;50ºC, 0.01s-1, 100%;323,15;0,01;1,461287549;39640,67511
1012;50ºC, 0.01s-1, 100%;323,15;0,01;1,494155701;41508,01688
1012;50ºC, 0.01s-1, 100%;323,15;0,01;1,527023853;43064,13502
1012;50ºC, 0.01s-1, 100%;323,15;0,01;1,559892005;44620,25316
1012;50ºC, 0.01s-1, 100%;323,15;0,01;1,593726868;45865,14768
1012;50ºC, 0.01s-1, 100%;323,15;0,01;1,62659502;46954,43038
1012;50ºC, 0.01s-1, 100%;323,15;0,01;1,659463172;48199,32489
1012;50ºC, 0.01s-1, 100%;323,15;0,01;1,692331324;49599,83122
1012;50ºC, 0.01s-1, 100%;323,15;0,01;1,726605505;51139,24051
1012;50ºC, 0.01s-1, 100%;323,15;0,01;1,759108781;51983,12236
1012;50ºC, 0.01s-1, 100%;323,15;0,01;1,791612058;52995,78059
1012;50ºC, 0.01s-1, 100%;323,15;0,01;1,824770642;54112,57384
1012;50ºC, 0.01s-1, 100%;323,15;0,01;1,857638794;55046,24473
1012;50ºC, 0.01s-1, 100%;323,15;0,01;1,890506946;55979,91561
1012;50ºC, 0.01s-1, 100%;323,15;0,01;1,923375098;57069,19831
1012;50ºC, 0.01s-1, 100%;323,15;0,01;1,95624325;58158,48101
1012;50ºC, 0.01s-1, 100%;323,15;0,01;1,946092792;54501,60338
1012;50ºC, 0.01s-1, 100%;323,15;0,01;1,91322464;52478,64979
1012;50ºC, 0.01s-1, 100%;323,15;0,01;1,880356488;50766,91983
1012;50ºC, 0.01s-1, 100%;323,15;0,01;1,847488336;48899,57806
1012;50ºC, 0.01s-1, 100%;323,15;0,01;1,814620183;47187,8481
1012;50ºC, 0.01s-1, 100%;323,15;0,01;1,780785321;45320,50633
1012;50ºC, 0.01s-1, 100%;323,15;0,01;1,747917169;43453,16456
1012;50ºC, 0.01s-1, 100%;323,15;0,01;1,715049017;41741,4346
1012;50ºC, 0.01s-1, 100%;323,15;0,01;1,682180865;40029,70464
1012;50ºC, 0.01s-1, 100%;323,15;0,01;1,649312713;38317,97468
1012;50ºC, 0.01s-1, 100%;323,15;0,01;1,616444561;36606,24473
1012;50ºC, 0.01s-1, 100%;323,15;0,01;1,583576409;34738,90295
1012;50ºC, 0.01s-1, 100%;323,15;0,01;1,549741547;32715,94937
1012;50ºC, 0.01s-1, 100%;323,15;0,01;1,516873394;30848,60759
1012;50ºC, 0.01s-1, 100%;323,15;0,01;1,484005242;28825,65401
1012;50ºC, 0.01s-1, 100%;323,15;0,01;1,45113709;26802,70042
1012;50ºC, 0.01s-1, 100%;323,15;0,01;1,418268938;24468,52321
1012;50ºC, 0.01s-1, 100%;323,15;0,01;1,385400786;22134,34599
1012;50ºC, 0.01s-1, 100%;323,15;0,01;1,351565924;19644,55696
1012;50ºC, 0.01s-1, 100%;323,15;0,01;1,318697772;17154,76793
1012;50ºC, 0.01s-1, 100%;323,15;0,01;1,28582962;14509,36709
1012;50ºC, 0.01s-1, 100%;323,15;0,01;1,252961468;12019,57806
1012;50ºC, 0.01s-1, 100%;323,15;0,01;1,220093316;9374,177215
1012;50ºC, 0.01s-1, 100%;323,15;0,01;1,187225164;6573,164557
1012;50ºC, 0.01s-1, 100%;323,15;0,01;1,153390301;3460,92827
1013;60ºC, 0.1s-1, 100%;333,15;0,1;0,999139635;-219,9971795
1013;60ºC, 0.1s-1, 100%;333,15;0,1;1,033923118;7581,441264
1013;60ºC, 0.1s-1, 100%;333,15;0,1;1,066774186;12886,4194
1013;60ºC, 0.1s-1, 100%;333,15;0,1;1,099625254;16943,1674
1013;60ºC, 0.1s-1, 100%;333,15;0,1;1,132476322;20999,91539
1013;60ºC, 0.1s-1, 100%;333,15;0,1;1,166666667;24514,28571
1013;60ºC, 0.1s-1, 100%;333,15;0,1;1,200110873;27553,12368
1013;60ºC, 0.1s-1, 100%;333,15;0,1;1,232961941;30673,69906
1013;60ºC, 0.1s-1, 100%;333,15;0,1;1,265813008;33794,27443
1013;60ºC, 0.1s-1, 100%;333,15;0,1;1,298664076;36914,84981
1013;60ºC, 0.1s-1, 100%;333,15;0,1;1,33344756;39723,36765
1013;60ºC, 0.1s-1, 100%;333,15;0,1;1,366298627;42531,88549
1013;60ºC, 0.1s-1, 100%;333,15;0,1;1,399149695;44716,28825
1013;60ºC, 0.1s-1, 100%;333,15;0,1;1,432000763;46900,69102
1013;60ºC, 0.1s-1, 100%;333,15;0,1;1,467091295;48857,14286
1013;60ºC, 0.1s-1, 100%;333,15;0,1;1,499635314;50957,43901
1013;60ºC, 0.1s-1, 100%;333,15;0,1;1,532486382;52517,7267
1013;60ºC, 0.1s-1, 100%;333,15;0,1;1,56533745;54078,01438
1013;60ºC, 0.1s-1, 100%;333,15;0,1;1,600120933;55638,30207
1013;60ºC, 0.1s-1, 100%;333,15;0,1;1,632972001;56886,53222
1013;60ºC, 0.1s-1, 100%;333,15;0,1;1,665823069;58446,81991
1013;60ºC, 0.1s-1, 100%;333,15;0,1;1,698674136;59382,99253
1013;60ºC, 0.1s-1, 100%;333,15;0,1;1,731525204;60631,22268
1013;60ºC, 0.1s-1, 100%;333,15;0,1;1,766308688;62191,51037
1013;60ºC, 0.1s-1, 100%;333,15;0,1;1,799159755;63439,74052
1013;60ºC, 0.1s-1, 100%;333,15;0,1;1,832010823;64687,97067
1013;60ºC, 0.1s-1, 100%;333,15;0,1;1,864861891;65624,14328
1013;60ºC, 0.1s-1, 100%;333,15;0,1;1,899645374;66560,31589
1013;60ºC, 0.1s-1, 100%;333,15;0,1;1,932496442;67496,48851
1013;60ºC, 0.1s-1, 100%;333,15;0,1;1,96534751;68744,71866
1013;60ºC, 0.1s-1, 100%;333,15;0,1;1,998198578;69680,89127
1013;60ºC, 0.1s-1, 100%;333,15;0,1;1,988536499;67184,43097
1013;60ºC, 0.1s-1, 100%;333,15;0,1;1,955685431;64375,91313
1013;60ºC, 0.1s-1, 100%;333,15;0,1;1,922834363;61567,39529
1013;60ºC, 0.1s-1, 100%;333,15;0,1;1,889983296;59382,99253
1013;60ºC, 0.1s-1, 100%;333,15;0,1;1,855199812;57198,58976
1013;60ºC, 0.1s-1, 100%;333,15;0,1;1,822348744;55326,24454
1013;60ºC, 0.1s-1, 100%;333,15;0,1;1,789497677;53141,84177
1013;60ºC, 0.1s-1, 100%;333,15;0,1;1,756646609;50957,43901
1013;60ºC, 0.1s-1, 100%;333,15;0,1;1,723991507;49028,57143
1013;60ºC, 0.1s-1, 100%;333,15;0,1;1,689012058;46588,63348
1013;60ºC, 0.1s-1, 100%;333,15;0,1;1,65616099;44092,17318
1013;60ºC, 0.1s-1, 100%;333,15;0,1;1,623309922;41595,71288
1013;60ºC, 0.1s-1, 100%;333,15;0,1;1,590233546;38914,28571
1013;60ºC, 0.1s-1, 100%;333,15;0,1;1,555675371;36290,73473
1013;60ºC, 0.1s-1, 100%;333,15;0,1;1,522824303;34106,33197
1013;60ºC, 0.1s-1, 100%;333,15;0,1;1,489973235;31609,87167
1013;60ºC, 0.1s-1, 100%;333,15;0,1;1,457122168;29425,4689
1013;60ºC, 0.1s-1, 100%;333,15;0,1;1,422338684;27241,06614
1013;60ºC, 0.1s-1, 100%;333,15;0,1;1,389487616;24744,60584
1013;60ºC, 0.1s-1, 100%;333,15;0,1;1,356636549;22248,14554
1013;60ºC, 0.1s-1, 100%;333,15;0,1;1,323785481;19439,6277
1013;60ºC, 0.1s-1, 100%;333,15;0,1;1,289001997;16631,10986
1013;60ºC, 0.1s-1, 100%;333,15;0,1;1,25615093;13510,53448
1013;60ºC, 0.1s-1, 100%;333,15;0,1;1,223299862;10077,90157
1013;60ºC, 0.1s-1, 100%;333,15;0,1;1,190448794;6957,326188
1013;60ºC, 0.1s-1, 100%;333,15;0,1;1,157112527;3771,428571
1013;60ºC, 0.1s-1, 100%;333,15;0,1;1,123142251;857,1428571
1014;60ºC, 0.1s-1, 100%;333,15;0,05;0,998656531;-141,9827951
1014;60ºC, 0.1s-1, 100%;333,15;0,05;1,033440014;4538,880271
1014;60ºC, 0.1s-1, 100%;333,15;0,05;1,066291082;8907,685799
1014;60ºC, 0.1s-1, 100%;333,15;0,05;1,09914215;12652,37625
1014;60ºC, 0.1s-1, 100%;333,15;0,05;1,133925633;16397,0667
1014;60ºC, 0.1s-1, 100%;333,15;0,05;1,164844285;19829,69962
1014;60ºC, 0.1s-1, 100%;333,15;0,05;1,199627769;22950,275
1014;60ºC, 0.1s-1, 100%;333,15;0,05;1,232478837;26382,90791
1014;60ºC, 0.1s-1, 100%;333,15;0,05;1,265329904;29503,48329
1014;60ºC, 0.1s-1, 100%;333,15;0,05;1,298180972;32312,00113
1014;60ºC, 0.1s-1, 100%;333,15;0,05;1,33103204;34808,46143
1014;60ºC, 0.1s-1, 100%;333,15;0,05;1,365815523;36680,80666
1014;60ºC, 0.1s-1, 100%;333,15;0,05;1,398666591;38865,20942
1014;60ºC, 0.1s-1, 100%;333,15;0,05;1,431517659;41361,66972
1014;60ºC, 0.1s-1, 100%;333,15;0,05;1,464368727;43546,07249
1014;60ºC, 0.1s-1, 100%;333,15;0,05;1,49915221;45418,41771
1014;60ºC, 0.1s-1, 100%;333,15;0,05;1,532003278;47290,76294
1014;60ºC, 0.1s-1, 100%;333,15;0,05;1,564854346;49163,10817
1014;60ºC, 0.1s-1, 100%;333,15;0,05;1,599637829;50723,39585
1014;60ºC, 0.1s-1, 100%;333,15;0,05;1,632488897;51971,626
1014;60ºC, 0.1s-1, 100%;333,15;0,05;1,665339965;53219,85616
1014;60ºC, 0.1s-1, 100%;333,15;0,05;1,698191033;54156,02877
1014;60ºC, 0.1s-1, 100%;333,15;0,05;1,7310421;55404,25892
1014;60ºC, 0.1s-1, 100%;333,15;0,05;1,765825584;56652,48907
1014;60ºC, 0.1s-1, 100%;333,15;0,05;1,798676652;57588,66168
1014;60ºC, 0.1s-1, 100%;333,15;0,05;1,831527719;58524,8343
1014;60ºC, 0.1s-1, 100%;333,15;0,05;1,866311203;59773,06445
1014;60ºC, 0.1s-1, 100%;333,15;0,05;1,897229855;60397,17952
1014;60ºC, 0.1s-1, 100%;333,15;0,05;1,932013338;61645,40967
1014;60ºC, 0.1s-1, 100%;333,15;0,05;1,964864406;62269,52475
1014;60ºC, 0.1s-1, 100%;333,15;0,05;1,99964789;63205,69736
1014;60ºC, 0.1s-1, 100%;333,15;0,05;1,989985811;60631,22268
1014;60ºC, 0.1s-1, 100%;333,15;0,05;1,988053395;60631,22268
1014;60ºC, 0.1s-1, 100%;333,15;0,05;1,955202327;58758,87745
1014;60ºC, 0.1s-1, 100%;333,15;0,05;1,92235126;56886,53222
1014;60ºC, 0.1s-1, 100%;333,15;0,05;1,889500192;55326,24454
1014;60ºC, 0.1s-1, 100%;333,15;0,05;1,856649124;53453,89931
1014;60ºC, 0.1s-1, 100%;333,15;0,05;1,821865641;51581,55408
1014;60ºC, 0.1s-1, 100%;333,15;0,05;1,789014573;49709,20886
1014;60ºC, 0.1s-1, 100%;333,15;0,05;1,756163505;47836,86363
1014;60ºC, 0.1s-1, 100%;333,15;0,05;1,723312437;45652,46087
1014;60ºC, 0.1s-1, 100%;333,15;0,05;1,688528954;43156,00056
1014;60ºC, 0.1s-1, 100%;333,15;0,05;1,657610302;40971,5978
1014;60ºC, 0.1s-1, 100%;333,15;0,05;1,622826818;39099,25257
1014;60ºC, 0.1s-1, 100%;333,15;0,05;1,58997575;36914,84981
1014;60ºC, 0.1s-1, 100%;333,15;0,05;1,555192267;34730,44705
1014;60ºC, 0.1s-1, 100%;333,15;0,05;1,522341199;32546,04428
1014;60ºC, 0.1s-1, 100%;333,15;0,05;1,489490131;30361,64152
1014;60ºC, 0.1s-1, 100%;333,15;0,05;1,456639064;28177,23875
1014;60ºC, 0.1s-1, 100%;333,15;0,05;1,423787996;25680,77845
1014;60ºC, 0.1s-1, 100%;333,15;0,05;1,389004512;23496,37569
1014;60ºC, 0.1s-1, 100%;333,15;0,05;1,356153445;20999,91539
1014;60ºC, 0.1s-1, 100%;333,15;0,05;1,323302377;18191,39755
1014;60ºC, 0.1s-1, 100%;333,15;0,05;1,290451309;15694,93724
1014;60ºC, 0.1s-1, 100%;333,15;0,05;1,255667826;12886,4194
1014;60ºC, 0.1s-1, 100%;333,15;0,05;1,222816758;10077,90157
1014;60ºC, 0.1s-1, 100%;333,15;0,05;1,18996569;7269,383726
1014;60ºC, 0.1s-1, 100%;333,15;0,05;1,157114622;4460,865886
1014;60ºC, 0.1s-1, 100%;333,15;0,05;1,124263555;1652,348047
1015;60ºC, 0.01s-1, 100%;333,15;0,01;0,999139635;14,04597377
1015;60ºC, 0.01s-1, 100%;333,15;0,01;1,031990703;5631,081653
1015;60ºC, 0.01s-1, 100%;333,15;0,01;1,066878981;10114,28571
1015;60ºC, 0.01s-1, 100%;333,15;0,01;1,099625254;13744,57763
1015;60ºC, 0.01s-1, 100%;333,15;0,01;1,132476322;16865,15301
1015;60ºC, 0.01s-1, 100%;333,15;0,01;1,166666667;19371,42857
1015;60ºC, 0.01s-1, 100%;333,15;0,01;1,199575372;21771,42857
1015;60ºC, 0.01s-1, 100%;333,15;0,01;1,232961941;24042,47638
1015;60ºC, 0.01s-1, 100%;333,15;0,01;1,265813008;25914,8216
1015;60ºC, 0.01s-1, 100%;333,15;0,01;1,298664076;27787,16683
1015;60ºC, 0.01s-1, 100%;333,15;0,01;1,331515144;30283,62713
1015;60ºC, 0.01s-1, 100%;333,15;0,01;1,366242038;32400
1015;60ºC, 0.01s-1, 100%;333,15;0,01;1,399149695;34340,37512
1015;60ºC, 0.01s-1, 100%;333,15;0,01;1,432000763;36212,72035
1015;60ºC, 0.01s-1, 100%;333,15;0,01;1,464851831;37773,00804
1015;60ºC, 0.01s-1, 100%;333,15;0,01;1,5;39257,14286
1015;60ºC, 0.01s-1, 100%;333,15;0,01;1,532486382;40893,58342
1015;60ºC, 0.01s-1, 100%;333,15;0,01;1,56533745;42141,81357
1015;60ºC, 0.01s-1, 100%;333,15;0,01;1,598188517;43702,10126
1015;60ºC, 0.01s-1, 100%;333,15;0,01;1,632972001;44638,27387
1015;60ºC, 0.01s-1, 100%;333,15;0,01;1,663890653;45886,50402
1015;60ºC, 0.01s-1, 100%;333,15;0,01;1,698674136;47446,79171
1015;60ºC, 0.01s-1, 100%;333,15;0,01;1,731525204;48382,96432
1015;60ºC, 0.01s-1, 100%;333,15;0,01;1,766454352;49371,42857
1015;60ºC, 0.01s-1, 100%;333,15;0,01;1,799363057;50400
1015;60ºC, 0.01s-1, 100%;333,15;0,01;1,832010823;51503,5397
1015;60ºC, 0.01s-1, 100%;333,15;0,01;1,864861891;52439,71231
1015;60ºC, 0.01s-1, 100%;333,15;0,01;1,899150743;53485,71429
1015;60ºC, 0.01s-1, 100%;333,15;0,01;1,932059448;54342,85714
1015;60ºC, 0.01s-1, 100%;333,15;0,01;1,96534751;55248,23015
1015;60ºC, 0.01s-1, 100%;333,15;0,01;1,998198578;55872,34523
1015;60ºC, 0.01s-1, 100%;333,15;0,01;1,955685431;53687,94246
1015;60ºC, 0.01s-1, 100%;333,15;0,01;1,922834363;51503,5397
1015;60ºC, 0.01s-1, 100%;333,15;0,01;1,889983296;49319,13693
1015;60ºC, 0.01s-1, 100%;333,15;0,01;1,857132228;48070,90678
1015;60ºC, 0.01s-1, 100%;333,15;0,01;1,823779193;46114,28571
1015;60ºC, 0.01s-1, 100%;333,15;0,01;1,789497677;44014,15879
1015;60ºC, 0.01s-1, 100%;333,15;0,01;1,756646609;42141,81357
1015;60ºC, 0.01s-1, 100%;333,15;0,01;1,723795541;40581,52588
1015;60ºC, 0.01s-1, 100%;333,15;0,01;1,689012058;38709,18065
1015;60ºC, 0.01s-1, 100%;333,15;0,01;1,65616099;36524,77789
1015;60ºC, 0.01s-1, 100%;333,15;0,01;1,623309922;34340,37512
1015;60ºC, 0.01s-1, 100%;333,15;0,01;1,590458854;32780,08743
1015;60ºC, 0.01s-1, 100%;333,15;0,01;1,557324841;30342,85714
1015;60ºC, 0.01s-1, 100%;333,15;0,01;1,522824303;28411,28191
1015;60ºC, 0.01s-1, 100%;333,15;0,01;1,489973235;26850,99422
1015;60ºC, 0.01s-1, 100%;333,15;0,01;1,457122168;24666,59145
1015;60ºC, 0.01s-1, 100%;333,15;0,01;1,422338684;22794,24623
1015;60ºC, 0.01s-1, 100%;333,15;0,01;1,391420032;20297,78593
1015;60ºC, 0.01s-1, 100%;333,15;0,01;1,356636549;18425,4407
1015;60ºC, 0.01s-1, 100%;333,15;0,01;1,323785481;15928,9804
1015;60ºC, 0.01s-1, 100%;333,15;0,01;1,290934413;13120,46256
1015;60ºC, 0.01s-1, 100%;333,15;0,01;1,259023355;10800
1015;60ºC, 0.01s-1, 100%;333,15;0,01;1,223299862;8439,599492
1015;60ºC, 0.01s-1, 100%;333,15;0,01;1,191082803;5142,857143
1015;60ºC, 0.01s-1, 100%;333,15;0,01;1,157597726;1262,276125
